{
  "description": "项目配置文件",
  "packOptions": {
    "ignore": [],
    "include": []
  },
  "setting": {
    "urlCheck": true,
    "es6": true,
    "postcss": true,
    "minified": true,
    "newFeature": true,
    "babelSetting": {
      "ignore": [],
      "disablePlugins": [],
      "outputPath": ""
    },
    "condition": false,
    "enhance": true
  },
  "compileType": "miniprogram",
  "libVersion": "3.4.3",
  "appid": "wx9578eb9ec690c11f",
  "projectname": "resume-master",
  "simulatorType": "wechat",
  "simulatorPluginLibVersion": {},
  "condition": {},
  "editorSetting": {
    "tabIndent": "insertSpaces",
    "tabSize": 2
  }
}